1,John,Doe,25,true
1,John,Doe,25,true
1,John,Doe,25,true
user@example.com,username,password,Regular
1,John,Doe,25,true
user@example.com,username,password,Regular
1,John,Doe,25,true
user@example.com,username,password,Regular
user@example.com,username,password,Regular,1,John,Doe,25,true
user@example.com,username,password,Regular
user@example.com,username,password,Regular,1,John,Doe,25,true
user@example.com,username,password,Regular
user@example.com,username,password,Regular,1,John,Doe,25,true
user@example.com,username,password,Regular
user@example.com,username,password,Regular,1,John,Doe,25,true
user@example.com,username,password,Regular,1,John,Doe,25,true
user@example.com,username,password,Regular,1,John,Doe,25,true
user@example.com,username,password,Regular,1,John,Doe,25,true
user@example.com,username,password,Regular,1,John,Doe,25,true
user@example.com,username,password,Regular,1,John,Doe,25,true
user@example.com,username,password,Regular,1,John,Doe,25,true
